{
    "loss": 0.5742939710617065,
    "accuracy": 0.9482758641242981
}